tuning,dataset,proc,C,gamma,kernel,grid_score,f1_score,accuracy,precision,roc_auc
before,validation,,default,default,default,,0.9268706914549059,0.9351506844025715,0.92863351737655,
after,testing,,10,scale,rbf,0.9263470967610677,0.934100984096902,0.9401509739946329,0.9335644696904805,0.920650853033286
before,validation,Baseline,default,default,default,,0.9217366699351279,0.931550089773539,0.9251071185084235,
after,testing,Baseline,10,scale,rbf,0.9221480091412863,0.9294092933435079,0.936704828464969,0.9299875971018647,0.9024523540553914
before,validation,Stemmed,default,default,default,,0.9198310244527045,0.9299573334362994,0.9233629635023565,
after,testing,Stemmed,10,scale,rbf,0.921974261601766,0.9284332182742571,0.9358263992123096,0.9289734927601364,0.9000293858009677
before,validation,Lemmatized,default,default,default,,0.9207891734632347,0.9307778442766955,0.9243540046719886,
after,testing,Lemmatized,10,scale,rbf,0.9218101302782694,0.929038718033539,0.9363766241288105,0.9295633346252499,0.9017368328223082
